,英国,中国香港,加拿大,新西兰 New Zealand,意大利,澳大利亚,菲律宾,挪威,UK,智利,芬兰,毛里塔尼亚,Luxembourg,马来西亚,原西德,Bhutan,西德,新加坡,中国,荷兰,South Korea,马其顿,捷克,印度 Indian,印度尼西亚,牙买加,越南,希腊,爱沙尼亚,哈萨克斯坦,罗马尼亚,波黑,苏联,捷克斯洛伐克,美国,阿尔及利亚,芬兰 Finland,瑞典,捷克斯洛伐克 Czechoslovakia,巴勒斯坦被占领区,台湾,缅甸,法国,德国,葡萄牙,俄罗斯,斯洛伐克,南斯拉夫,印度,阿鲁巴岛,以色列,委内瑞拉,香港,土耳其,乌克兰,沙特阿拉伯,立陶宛,瑞士,塞尔维亚,Tanzania,爱尔兰,卢森堡,黎巴嫩,墨西哥,乌拉圭,哥伦比亚,奥地利,波兰,匈牙利,塞尔维亚和黑山,古巴,保加利亚,韩国,中国大陆,秘鲁,加拿大 Canada,冰岛,克罗地亚,博茨瓦纳,伊朗,丹麦,新西兰,巴西,印度 India,阿联酋,USA,阿根廷,泰国,不丹,柬埔寨,西班牙,比利时,日本,南非
0,7.2939327082184136,4.5,6.896243291592125,7.1,7.735080645161288,7.039830508474575,7.479999999999999,7.301694915254237,7.449999999999999,7.5,7.285000000000002,7.0,7.5,6.419999999999999,7.877777777777778,8.5,7.928205128205125,6.707843137254904,5.8605355884425565,7.198863636363639,6.5,8.325,7.545370370370368,6.0,6.458333333333333,7.4,7.7272727272727275,8.165217391304347,6.3,7.7,7.306666666666667,8.04,8.597560975609756,8.38888888888889,7.0663419191245,8.1,8.1,7.603906250000003,8.4,7.7,6.752777777777789,6.699999999999999,7.494675248683444,7.261666666666662,7.334615384615385,6.901626016260158,8.062962962962965,8.171999999999999,7.383756345177666,7.5,7.673684210526316,7.1,6.567732435843475,7.623809523809525,7.35,8.3,6.933333333333333,7.648387096774198,7.7,6.1,7.2940170940170965,7.216000000000001,7.9799999999999995,7.327419354838707,8.200000000000001,7.571428571428571,7.8,7.745454545454547,7.350000000000001,8.7,8.16,7.157142857142858,6.750420168067232,5.8443960826985695,7.466666666666667,7.7,7.594117647058825,7.68,8.75,8.261111111111111,7.3971428571428595,7.34736842105263,7.4720930232558125,6.7250000000000005,6.918750000000001,6.859999999999999,7.723809523809525,6.70985915492958,7.7,6.8,7.295439739413679,7.279807692307695,7.252004860267325,6.812244897959185
,,,,,,,,,,,,,,,,,,,,,,,,,,,,,,,,,,,,,,,,,,,,,,,,,,,,,,,,,,,,,,,,,,,,,,,,,,,,,,,,,,,,,,,,,,,,,,