,South Korea,委内瑞拉,沙特阿拉伯,奥地利,美国,加拿大 Canada,葡萄牙,捷克斯洛伐克 Czechoslovakia,智利,牙买加,英国,比利时,新加坡,韩国,以色列,罗马尼亚,Bhutan,中国大陆,土耳其,捷克,波黑,捷克斯洛伐克,不丹,墨西哥,中国,哈萨克斯坦,马来西亚,原西德,苏联,卢森堡,香港,缅甸,波兰,克罗地亚,荷兰,巴勒斯坦被占领区,中国香港,瑞典,冰岛,博茨瓦纳,斯洛伐克,保加利亚,USA,巴西,匈牙利,塞尔维亚和黑山,芬兰,Tanzania,澳大利亚,德国,阿尔及利亚,台湾,阿联酋,日本,乌拉圭,黎巴嫩,印度 Indian,法国,丹麦,希腊,阿鲁巴岛,菲律宾,立陶宛,柬埔寨,印度 India,俄罗斯,Luxembourg,毛里塔尼亚,秘鲁,西班牙,南非,瑞士,马其顿,加拿大,泰国,印度,UK,爱尔兰,新西兰 New Zealand,阿根廷,塞尔维亚,古巴,伊朗,乌克兰,挪威,印度尼西亚,西德,越南,意大利,新西兰,芬兰 Finland,爱沙尼亚,南斯拉夫,哥伦比亚
0,6.5,7.1,8.3,7.8,7.0663419191245,7.7,7.334615384615385,8.4,7.5,7.4,7.2939327082184136,7.279807692307695,6.707843137254904,6.750420168067232,7.673684210526316,7.306666666666667,8.5,5.8443960826985695,7.623809523809525,7.545370370370368,8.04,8.38888888888889,7.7,7.327419354838707,5.8605355884425565,7.7,6.419999999999999,7.877777777777778,8.597560975609756,7.216000000000001,6.567732435843475,6.699999999999999,7.745454545454547,7.68,7.198863636363639,7.7,4.5,7.603906250000003,7.594117647058825,8.75,8.062962962962965,7.157142857142858,6.859999999999999,7.4720930232558125,7.350000000000001,8.7,7.285000000000002,6.1,7.039830508474575,7.261666666666662,8.1,6.752777777777789,6.918750000000001,7.252004860267325,8.200000000000001,7.9799999999999995,6.0,7.494675248683444,7.3971428571428595,8.165217391304347,7.5,7.479999999999999,6.933333333333333,6.8,6.7250000000000005,6.901626016260158,7.5,7.0,7.466666666666667,7.295439739413679,6.812244897959185,7.648387096774198,8.325,6.896243291592125,6.70985915492958,7.383756345177666,7.449999999999999,7.2940170940170965,7.1,7.723809523809525,7.7,8.16,8.261111111111111,7.35,7.301694915254237,6.458333333333333,7.928205128205125,7.7272727272727275,7.735080645161288,7.34736842105263,8.1,6.3,8.171999999999999,7.571428571428571
